,id,Name,Calories,Protein_(g),Carbs_(g),Fiber_(g),Sugar_(g),Calcium_(mg),Sodium_(mg),Total_Fat_(g)
1269,6101,"SOUP,CRM OF VEG,DRY,PDR",446,8.0,52.1,3.0,17.51,134.0,4957.0,16.76
1602,6982,"SOUP,RAMEN NOODLE,BF FLAVOR,DRY",441,10.06,60.34,3.0,1.99,21.0,1727.0,14.347
1517,6583,"SOUP,RAMEN NOODLE,ANY FLAVOR,DRY",440,10.17,60.26,2.9,1.98,21.0,1855.0,14.273
1603,6983,"SOUP,RAMEN NOODLE,CHICK FLAVOR,DRY",439,10.22,60.23,2.9,1.96,22.0,1923.0,14.233
7780,27035,"SOUP,RAMEN NOODLE,DRY,ANY FLAVOR,RED FAT,RED NA",350,10.89,70.95,2.7,0.85,22.0,1200.0,0.685
258,2009,CHILI POWDER,282,13.46,49.7,34.8,7.19,330.0,2867.0,5.673
6711,21119,"FAST FOODS,HOTDOG,W/CHILI",260,11.85,27.45,,,17.0,421.0,10.043
8489,36037,"RESTAURANT,FAMILY STYLE,CHILI W/ MEAT & BNS",157,12.56,4.57,1.4,2.27,34.0,381.0,8.684999999999999
8471,36019,"APPLEBEE'S,CHILI",157,12.56,4.57,1.4,2.27,34.0,381.0,8.959
1208,6006,"SOUP,BEAN W/ FRANKFURTERS,CND,COND",142,7.6,16.75,4.6,,66.0,831.0,3.6900000000000004
1410,6361,"CAMPBELL'S RED & WHITE,GRN PEA SOUP,COND",141,7.03,21.88,3.1,4.69,16.0,680.0,1.1720000000000002
1421,6380,"CAMPBELL'S RED & WHITE,SPLIT PEA W/ HAM & BACON SOUP,COND",141,7.81,23.44,3.1,3.13,16.0,664.0,1.1720000000000002
1245,6051,"SOUP,PEA,SPLIT W/ HAM,CND,COND",141,7.68,20.81,1.7,,16.0,630.0,2.6500000000000004
1569,6738,"SOUP,SPLIT PEA W/HAM&BACON,CND,COND,SINGLE BRAND",140,8.6,21.2,3.0,,,729.0,1.568
1207,6004,"SOUP,BEAN W/ PORK,CND,COND",129,5.88,16.97,5.9,3.0,60.0,672.0,2.76
5027,16510,"WORTHINGTON CHILI,CND,UNPREP",126,10.4,10.9,3.4,1.3,18.0,453.0,1.6
1274,6117,"CAMPBELL'S RED & WHITE,BEAN W/ BACON SOUP,COND",125,6.25,19.53,6.3,3.13,47.0,672.0,1.9529999999999998
1243,6049,"SOUP,PEA,GRN,CND,COND",125,6.54,20.18,3.9,6.52,21.0,680.0,1.83
4899,16200,CAMPBELL'S BRN SUGAR&BACON FLAV BKD BNS,123,3.85,23.08,6.2,10.0,31.0,362.0,
7038,22911,"CHILI,NO BNS,CND ENTREE",118,7.53,6.1,0.5,1.1,30.0,411.0,4.724
1225,6026,"SOUP,CHILI BF,CND,COND",117,5.09,18.86,2.5,5.09,33.0,788.0,2.255
1565,6731,"SOUP,BEAN W/BACON,COND,SINGLE BRAND",117,6.5,18.0,4.6,,,672.0,1.3479999999999999
1251,6061,"SOUP,TOMATO BF W/ NOODLE,CND,COND",112,3.55,16.87,1.2,,14.0,731.0,2.65
7777,27032,"CAMPBELL'S RED & WHITE,LENTIL SOUP,COND",111,6.35,19.05,4.0,1.59,32.0,635.0,0.397
4900,16201,CAMPBELL'S PORK & BNS,108,4.62,19.23,5.4,6.15,31.0,338.0,
7033,22904,"CHILI CON CARNE W/BNS,CND ENTREE",107,5.8,13.1,3.3,1.87,33.0,449.0,2.665
1420,6379,"CAMPBELL'S RED & WHITE,TOMATO BISQUE,COND",103,1.59,18.25,0.8,11.9,32.0,698.0,1.587
1393,6336,"CAMPBELL'S,CRM OF CHICK SOUP,COND",103,1.76,6.03,4.1,0.33,13.0,624.0,5.859999999999999
4797,16059,"CHILI WITH BEANS,CANNED",103,6.12,13.24,3.3,1.65,47.0,423.0,2.734
8525,36413,"RESTAURANT,LATINO,BLACK BEAN SOUP",103,5.1,14.79,4.9,0.89,42.0,311.0,1.5699999999999998
7080,22969,"CHILI W/ BNS,MICROWAVABLE BOWLS",100,5.85,10.88,2.9,1.84,34.0,385.0,2.967
1291,6149,"SOUP,CHICK MUSHROOM,CND,COND",100,1.61,11.95,3.2,0.79,23.0,669.0,3.371
1560,6725,"SOUP,CHICK CORN CHOWDER,CHUNKY,RTS,SINGLE BRAND",99,3.1,7.5,0.9,,,299.0,3.02
1568,6736,"SOUP,CRM OF CHICK,CND,COND,SINGLE BRAND",99,2.4,7.7,,,,788.0,3.25
1600,6980,"SOUP,BF STROGANOFF,CND,CHUNKY STYLE,RTS",98,5.1,9.0,0.6,1.68,20.0,435.0,3.88
1404,6353,"CAMPBELL'S RED & WHITE,FIESTA NACHO CHS SOUP,COND",97,2.42,8.06,0.8,1.61,65.0,637.0,4.032
1400,6343,"CAMPBELL'S RED&WHITE,CREAMY CHICK NOODLE SOUP,COND",97,3.23,8.87,3.2,0.81,16.0,702.0,2.42
8660,43112,"BEANS,CHILI,BARBECUE,RANCH STYLE,CKD",97,5.0,16.9,4.2,5.25,31.0,725.0,0.22199999999999998
1295,6158,"SOUP,TOMATO BISQUE,CND,COND",96,1.76,18.47,0.8,,31.0,698.0,0.95
1209,6007,"SOUP,BEAN W/ HAM,CND,CHUNKY,RTS",95,5.19,11.16,4.6,,32.0,400.0,2.95
1461,6437,"CAMPBELL'S CHUNKY SOUPS,ROADHOUSE - BF BEAN CHILI",95,6.12,10.2,2.4,2.86,16.0,359.0,
1432,6398,"CAMPBELL'S CHUNKY SOUPS,FIREHOUSE - HOT SPICY BF BEAN CHILI",95,6.12,10.2,2.4,2.86,16.0,355.0,
1360,6249,"SOUP,PEA,GRN,CND,PREP W/ EQ VOLUME MILK",94,4.97,12.69,1.1,,68.0,352.0,2.44
1253,6063,"SOUP,TOMATO RICE,CND,COND",93,1.64,17.08,1.3,5.9,18.0,635.0,0.87
1595,6972,"SAUCE,TOMATO CHILI SAU,BTLD,W/SALT",92,2.5,19.79,2.4,13.33,20.0,1338.0,0.08299999999999999
1325,6211,"SOUP,CHS,CND,PREP W/ EQ VOLUME MILK",92,3.77,6.47,0.4,,115.0,406.0,5.26
1205,6002,"SOUP,BLACK BEAN,CND,COND",91,4.83,15.42,6.8,2.49,35.0,970.0,0.8200000000000001
1217,6016,"SOUP,CRM OF CHICK,CND,COND",90,2.38,7.16,0.0,0.54,14.0,702.0,3.753
1328,6214,"CAMPBELL'S,25% LESS NA CRM OF MUSHROOM SOUP,COND",89,1.61,6.45,1.6,0.81,0.0,524.0,3.225
1371,6312,"CAMPBELL'S RED & WHITE,CRM OF ASPARAGUS SOUP,COND",89,1.61,7.26,2.4,1.61,0.0,669.0,2.419
1240,6046,"SOUP,CRM OF ONION,CND,COND",88,2.2,10.4,0.4,3.64,27.0,637.0,2.84
1403,6351,"CAMPBELL'S RED & WHITE,OLD FASHIONED TOMATO RICE SOUP,COND",87,0.79,18.25,0.8,7.94,0.0,611.0,0.397
1518,6584,"SOUP,BROCCOLI CHS,CND,COND,COMM",87,2.1,7.7,1.8,2.12,41.0,661.0,3.6
1428,6392,"CAMPBELL'S CHUNKY SOUPS,CHICK BROCCOLI CHS & POTATO SOUP",86,2.86,8.16,1.2,2.45,8.0,359.0,
1232,6038,"CAMPBELL'S,CHEDDAR CHS SOUP,COND",84,0.8,11.44,2.2,3.73,36.0,692.0,1.81
1213,6011,"SOUP,CHS,CND,COND",82,0.8,11.3,2.2,3.73,36.0,692.0,3.532
1429,6393,"CAMPBELL'S CHUNKY SOUPS,CHICK CORN CHOWDER",82,2.86,8.16,0.8,1.22,8.0,351.0,
1423,6384,"CAMPBELL'S CHUNKY SOUPS,BKD POTATO W/ STEAK & CHS SOUP",82,3.27,8.57,1.2,1.22,8.0,343.0,
1361,6250,"CAMPBELL'S, CHNKY MICRO BOWL,NEW ENGL CLM CHOW,RTS",82,2.45,6.94,1.2,0.41,33.0,355.0,
1215,6014,"CAMPBELL'S RED & WHITE,BROCCOLI CHS SOUP,COND",81,1.61,9.68,0.0,2.42,32.0,661.0,3.629
1457,6431,"CAMPBELL'S CHUNKY,NEW ENGLAND CLAM CHOWDER",81,2.46,9.01,1.2,0.0,12.0,353.0,
1475,6454,"CAMPBELL'S CHUNKY SOUPS,GRILLED STEAK- STEAK CHILI W/ BNS",81,6.53,11.02,2.9,3.67,16.0,355.0,
1395,6338,"CAMPBELL'S,CRM OF MUSHROOM SOUP,COND",81,1.29,6.59,0.6,0.4,8.0,697.0,2.235
1397,6340,"CAMPBELL'S RED & WHITE,CRM OF ONION SOUP,COND",81,0.81,8.06,2.4,3.23,0.0,645.0,2.42
1316,6190,"SOUP,BEAN&HAM,CND,RED NA,PREP W/H2O OR RTS",81,4.19,13.66,4.0,3.17,38.0,187.0,0.667
1399,6342,"CAMPBELL'S RED & WHITE,CRM OF SHRIMP SOUP,COND",81,2.42,6.45,0.0,0.0,0.0,694.0,2.419
1561,6726,"SOUP,CHICK MUSHROOM CHOWDER,CHUNKY,RTS,SINGLE BRAND",80,3.0,7.1,1.4,,,339.0,1.9869999999999999
1562,6728,"SOUP,POTATO HAM CHOWDER,CHUNKY,RTS,SINGLE BRAND",80,2.7,5.6,0.6,,,364.0,4.08
7781,27042,"SOUP,CLAM CHOWDER,NEW ENGLAND,CND,RTS",79,2.61,8.28,1.0,0.23,15.0,343.0,
1237,6043,"SOUP,CRM OF MUSHROOM,CND,COND",79,1.35,6.8,0.7,0.4,12.0,691.0,2.183
1408,6358,"SOUP,TOMATO BISQUE,CND,PREP W/ EQ VOLUME MILK",79,2.51,11.73,0.2,,74.0,442.0,2.0
1612,6992,"HEALTHY REQUEST,VEG SOUP,COND",79,3.17,15.87,2.4,3.97,16.0,325.0,0.0
1417,6374,"CAMPBELL'S RED & WHITE,VEG SOUP,COND",79,3.17,16.67,2.4,5.56,16.0,516.0,0.397
1354,6242,"CAMPBELL'S CHUNKY MICROWAVABLE BWLS,CHCK DMPLINGS SOUP",78,3.27,7.35,1.2,0.82,8.0,363.0,
1459,6433,"CAMPBELL'S CHUNKY SOUPS,OLD FASHIONED POTATO HAM CHOWDER",78,2.45,6.94,1.2,0.41,8.0,327.0,
1478,6459,"CAMPBELL'S CHUNKY SOUPS,SPLIT PEA 'N' HAM SOUP",78,4.9,12.24,2.0,2.04,8.0,318.0,
1422,6383,"CAMPBELL'S CHUNKY SOUPS,BKD POTATO CHEDDAR BACON BITS SOUP",78,2.04,9.39,0.8,1.25,16.0,322.0,
1330,6216,"SOUP,CRM OF CHICK,CND,PREP W/ EQ VOLUME MILK",77,3.01,6.04,0.1,,73.0,362.0,3.67
1244,6050,"SOUP,PEA,SPLIT W/HAM,CND,CHUNKY,RTS",77,4.62,11.17,1.7,1.91,14.0,301.0,1.34
1563,6729,"SOUP,SIRLOIN BURGER W/VEG,RTS,SINGLE BRAND",77,4.2,6.8,2.3,,,361.0,2.6500000000000004
1564,6730,"SOUP,SPLIT PEA W/ HAM,CHUNKY,RED FAT,RED NA,RTS,SINGLE BRAND",76,5.2,11.3,,,,343.0,0.704
1473,6451,"SOUP,PEA,SPLIT W/ HAM,CND,PREP W/ EQ VOLUME H2O",75,4.08,11.05,0.9,,9.0,398.0,1.41
1358,6246,"SOUP,CRM OF ONION,CND,PREP W/ EQ VOLUME MILK",75,2.74,7.4,0.3,,72.0,405.0,2.95
1440,6406,"SOUP,BEAN W/ FRANKFURTERS,CND,PREP W/ EQ VOLUME H2O",75,3.99,8.8,,,35.0,437.0,1.94
8526,36414,"RESTAURANT,LATINO,TRIPE SOUP",74,8.61,4.07,,,22.0,411.0,2.169
1246,6053,"SOUP,CRM OF POTATO,CND,COND",74,1.51,12.79,1.3,1.44,17.0,604.0,1.41
1446,6414,"CAMPBELL'S CHUNKY SOUPS,HEARTY BEAN 'N' HAM SOUP",74,4.49,12.24,3.3,2.04,24.0,318.0,
1391,6333,"CAMPBELL'S RED & WHITE,CRM OF BROCCOLI SOUP,COND",73,1.61,9.68,0.8,2.42,16.0,605.0,2.016
1611,6991,"HEALTHY REQUEST,TOMATO SOUP,COND",73,1.61,13.71,0.8,8.06,0.0,331.0,0.403
1392,6334,"CAMPBELL'S RED & WHITE,CRM OF CELERY SOUP,COND",73,0.81,7.26,2.4,0.81,16.0,516.0,3.629
1327,6213,"CAMPBELL'S RED&WHITE,25% LESS NA TOMATO SOUP,COND",73,1.61,16.13,0.8,9.68,0.0,387.0,
8343,35073,"SOUP,FISH,HOMEMADE (ALASKA NATIVE)",72,7.4,5.6,,,35.0,30.0,
1212,6010,"SOUP,CRM OF CELERY,CND,COND",72,1.32,7.03,0.6,1.35,32.0,516.0,2.1500000000000004
1229,6030,"SOUP,CLAM CHOWDER,NEW ENGLAND,CND,COND",72,3.17,10.32,0.7,0.38,16.0,516.0,0.959
1248,6056,"SOUP,CRM OF SHRIMP,CND,COND",72,2.22,6.53,0.2,,14.0,685.0,3.77
1414,6366,"CAMPBELL'S RED & WHITE,MINESTRONE SOUP,COND",71,3.17,13.49,2.4,2.38,16.0,516.0,0.397
1415,6367,"CAMPBELL'S RED & WHITE,NEW ENGLAND CLAM CHOWDER,COND",71,3.17,10.32,0.8,0.79,16.0,516.0,0.397
1289,6146,"CAMPBELL'S RED & WHITE,BF W/ VEG & BARLEY SOUP,COND",71,3.97,11.9,2.4,1.59,0.0,706.0,1.191
1416,6373,"CAMPBELL'S RED & WHITE,VEGETARIAN VEG SOUP,COND",71,2.38,14.29,1.6,4.76,16.0,516.0,0.0
1317,6192,"SPLIT PEA SOUP,CND,RED NA,PREP W/ H2O OR READY-TO SERVE",71,3.85,11.83,1.9,5.06,17.0,166.0,0.6699999999999999
1216,6015,"SOUP,CHICK,CND,CHUNKY,RTS",71,5.06,6.88,0.6,0.87,10.0,354.0,1.97
7765,27014,"CAMPBELL'S RED & WHITE,ITALIAN STYLE W",71,3.17,9.52,2.4,1.59,32.0,643.0,
7764,27013,"CAMPBELL'S RED & WHITE,CHICK BARLEY W/",71,3.17,12.7,2.4,1.59,0.0,571.0,
1398,6341,"CAMPBELL'S,CRM OF POTATO SOUP,COND",71,1.51,13.25,1.3,1.44,17.0,604.0,0.6200000000000001
1264,6082,"CAMPBELL'S RED & WHITE,CHICK NOODLEO'S SOUP,COND",71,2.38,11.9,0.8,1.59,,381.0,1.588
1419,6377,"CAMPBELL'S,TOMATO SOUP,COND",71,1.46,15.22,1.1,8.23,13.0,377.0,0.0
1509,6545,CAMPBELL'S HOMESTYLE NEW ENGLAND CLAM CHOWDER,70,2.33,5.68,0.8,0.0,14.0,363.0,
7782,27043,"SOUP,CLAM CHOWDER,NEW ENGLAND,RED NA,CND,RTS",70,2.33,5.68,0.8,0.0,14.0,194.0,1.609
1596,6974,"SOUP,VEG CHICK,CND,PREP W/ H2O,LO NA",69,5.1,8.76,0.4,1.42,11.0,35.0,1.492
1204,6001,"SOUP,CRM OF ASPARAGUS,CND,COND",69,1.82,8.52,0.4,0.72,23.0,669.0,1.5699999999999998
1599,6978,"SOUP,BF & MUSHROOM,LO NA,CHUNK STYLE",69,4.3,9.58,0.2,0.84,13.0,25.0,2.015
1369,6309,"CAMPBELL'S,CHICK W/ RICE SOUP,COND",68,1.84,11.28,0.9,0.23,41.0,645.0,1.21
1318,6193,"SPLIT PEA W/ HAM SOUP,CND,RED NA,PREP W/ H2O OR RTS",68,4.0,11.4,1.9,1.57,16.0,196.0,0.576
1234,6040,"SOUP,MINESTRONE,CND,COND",68,3.48,9.17,0.8,1.5,28.0,516.0,1.0
1222,6023,"SOUP,CHICK W/ RICE,CND,COND",68,1.84,11.57,0.9,0.23,41.0,645.0,1.1099999999999999
1211,6009,"SOUP,BF NOODLE,CND,COND",67,3.85,7.16,0.6,2.06,12.0,653.0,1.9
1257,6070,"SOUP,CHUNKY BF,CND,RTS",66,3.97,10.08,0.6,0.67,13.0,338.0,1.0190000000000001
1296,6159,"SOUP,TOMATO,CND,COND",66,1.46,15.22,1.1,8.23,13.0,377.0,0.251
1324,6210,"SOUP,CRM OF CELERY,CND,PREP W/ EQ VOLUME MILK",66,2.29,5.86,0.3,,75.0,272.0,2.58
1427,6391,"CAMPBELL'S CHUNKY,CREAMY CHICK & DUMPLINGS SOUP",66,2.32,7.09,1.5,1.09,16.0,339.0,1.2400000000000002
1510,6546,CAMPBELL'S HOMESTYLE POTATO BROCCOLI CHS SOUP,65,1.22,6.94,1.2,1.22,16.0,265.0,
1418,6375,"CAMPBELL'S,VEG BF SOUP,COND",65,3.79,11.8,2.1,1.7,13.0,656.0,0.19
1406,6355,"CAMPBELL'S RED & WHITE,GOLDEN MUSHROOM SOUP,COND",65,1.61,8.06,0.8,0.81,0.0,524.0,1.209
1321,6201,"SOUP,CRM OF ASPARAGUS,CND,PREP W/ EQ VOLUME MILK",65,2.55,6.61,0.3,,70.0,420.0,2.18
1322,6208,"SOUP,CHICK VEG W/POTATO&CHS,CHUNKY,RTS",65,1.16,5.2,0.3,0.64,15.0,416.0,3.2409999999999997
1394,6337,"CAMPBELL'S,CRM OF CHICK W/ HERBS SOUP,COND",65,1.61,7.26,0.0,0.81,0.0,645.0,2.42
1579,6956,"SOUP,TOMATO,CND,COND,RED NA",65,1.61,13.41,1.2,8.11,13.0,22.0,0.33399999999999996
1331,6217,"SOUP,VEG,CND,LO NA,COND",65,2.2,12.11,2.1,4.31,20.0,385.0,0.35
1355,6243,"SOUP,CRM OF MUSHROOM,CND,PREP W/ EQ VOLUME LOFAT (2%) MILK",65,2.36,5.76,0.3,2.82,68.0,357.0,1.993
1499,6503,"CAMPBELL'S RED & WHITE - MCRWVEABLE BOWLS,CREAMY TOMATO SOUP",64,1.22,10.2,1.2,6.53,16.0,306.0,
1407,6357,"CAMPBELL'S RED & WHITE,GOLDFISH PASTA W/ CHICK",63,2.38,9.52,0.8,0.79,,381.0,1.191
1258,6071,"SOUP,VEG BF,CND,COND",63,4.45,8.11,1.6,0.89,13.0,706.0,1.32
1438,6404,"SOUP,BEAN W/ PORK,CND,PREP W/ EQ VOLUME H2O",63,2.88,8.31,2.9,1.47,31.0,349.0,1.351
1444,6411,"SOUP,CHS,CND,PREP W/ EQ VOLUME H2O",63,2.19,4.26,0.4,,57.0,388.0,3.9000000000000004
1265,6084,"CAMPBELL'S RED & WHITE,CHICK VEG SOUP,COND",63,2.38,11.9,1.6,2.38,16.0,706.0,0.397
1610,6990,"HEALTHY REQUEST,MINESTRONE SOUP,COND",63,2.38,11.9,2.4,3.17,32.0,325.0,0.0
1588,6965,"SOUP,PEA,LO NA,PREP W/ EQ VOLUME H2O",62,3.2,9.88,1.9,3.19,12.0,10.0,0.896
1290,6147,"SOUP,BF MUSHROOM,CND,COND",61,4.6,5.2,0.2,,4.0,709.0,2.2
1343,6230,"SOUP,CLAM CHOWDER,NEW ENG,CND,PREP W/ EQ VLM LOFAT (2%) MILK",61,3.24,7.46,0.3,2.81,70.0,273.0,1.362
1227,6028,"SOUP,CLAM CHOWDER,MANHATTAN,CND,COND",61,1.74,9.74,1.2,2.7,19.0,698.0,0.61
1236,6042,"SOUP,MUSHROOM BARLEY,CND,COND",61,1.5,9.6,,,10.0,573.0,1.15
1472,6449,"SOUP,PEA,GRN,CND,PREP W/ EQ VOLUME H2O",61,3.2,9.88,1.9,3.19,12.0,336.0,0.896
1566,6733,"SOUP,BF W/VEG&BARLEY,CND,COND,SINGLE BRAND",61,3.9,8.2,,,,707.0,1.047
1224,6025,"SOUP,CHICK VEG,CND,COND",61,2.94,7.01,0.7,1.26,14.0,706.0,1.73
1365,6256,"SOUP,CRM OF SHRIMP,CND,PREP W/ EQ VOLUME LOFAT (2%) MILK",61,2.78,5.64,0.1,2.62,69.0,354.0,3.077
1353,6241,"CAMPBELL'S,CHNKY MICRO BOWLS,BF W/ CONTRY VEG,RTS",61,4.08,8.57,2.0,1.22,8.0,367.0,
1364,6253,"SOUP,CRM OF POTATO,CND,PREP W/ EQ VOLUME MILK",60,2.33,6.92,0.2,,67.0,230.0,2.2199999999999998
1256,6068,"SOUP,VEGETARIAN VEG,CND,COND",59,1.72,9.78,0.5,3.13,17.0,516.0,0.92
1578,6955,"SOUP,CRM OF CHICK,CND,COND,RED NA",58,1.8,9.5,0.4,0.39,11.0,357.0,0.9
1546,6622,"SMART SOUP,INDIAN BEAN MASALA",57,3.3,10.5,2.6,2.3,22.0,92.0,
1453,6426,"SOUP,CHILI BF,CND,PREP W/ EQ VOLUME H2O",57,2.49,9.23,1.2,2.49,18.0,388.0,1.104
1462,6438,"CAMPBELL'S CHUNKY SOUPS,SALISBURY STEAK MUSHRMS ONIONS SOUP",57,2.86,7.76,0.8,2.45,8.0,327.0,
1433,6399,"CAMPBELL'S CHUNKY SOUPS,GRILLED CHICK SAUSAGE GUMBO SOUP",57,2.86,8.57,0.8,1.63,8.0,347.0,
1363,6252,"CAMPBELL'S,CHUNKY MICRO BOWLS,SIRL BRGER W/CNTRY VEG,RTS",57,3.27,7.35,1.2,1.63,8.0,327.0,
1426,6389,"CAMPBELL'S CHUNKY SOUPS,BF W/ WHITE & WILD RICE SOUP",57,3.27,9.8,0.8,2.04,8.0,363.0,
1254,6064,"SOUP,TURKEY,CHUNKY,CND,RTS",57,4.33,5.96,,,21.0,391.0,1.27
1357,6245,"CAMPBELL'S, CHNKY MICRO BOWL,GRLLD CHIC&SAUS GMBO,RTS",57,2.86,7.35,0.4,2.04,16.0,318.0,
1288,6145,"CAMPBELL'S RED & WHITE,BF NOODLE SOUP,COND",56,3.17,6.35,0.8,0.79,0.0,651.0,0.794
1235,6041,"CAMPBELL'S RED&WHITE,CHICK & DUMPLINGS SOUP,COND",56,2.38,7.94,0.8,0.79,0.0,603.0,
1396,6339,"CAMPBELL'S,CRM OF MUSHROOM W/ RSTD GARLIC SOUP,COND",56,1.61,8.06,1.6,0.81,16.0,387.0,1.209
1226,6027,"SOUP,CLAM CHOWDER,MANHATTAN STYLE,CND,CHUNKY,RTS",56,3.02,7.84,1.2,1.67,28.0,417.0,1.29
1479,6461,"SOUP,TOMATO BF W/ NOODLE,CND,PREP W/ EQ VOLUME H2O",56,1.78,8.44,0.6,0.73,9.0,367.0,1.325
1231,6037,"SOUP,LENTIL W/HAM,CND,RTS",56,3.74,8.16,,,17.0,532.0,0.97
1332,6218,"CAMPBELL'S,98% FAT FREE CRM OF CELERY SOUP,COND",56,0.81,7.26,1.6,0.81,16.0,387.0,1.209
1329,6215,"CAMPBELL'S,98% FAT FREE BROCCOLI CHS SOUP,COND",56,1.61,9.68,0.8,2.42,32.0,387.0,0.806
1323,6209,"CAMPBELL'S,98% FAT FREE CRM OF BROCCOLI SOUP,COND",56,1.61,8.06,1.6,0.81,16.0,565.0,
1401,6349,"CAMPBELL'S RED & WHITE,SCOOBY-DOO SOUP,COND",56,2.38,8.73,0.8,0.79,16.0,627.0,1.191
1241,6047,"CAMPBELL'S RED & WHITE,CHICK & STARS SOUP,COND",56,2.38,8.73,0.8,0.79,0.0,381.0,1.191
7766,27015,"CAMPBELL'S RED & WHITE,PHINEAS & FERB SOUP,COND",56,2.38,8.73,0.8,0.79,16.0,627.0,1.191
1247,6054,"CAMPBELL'S RED & WHITE,CHICK ALPHABET SOUP,COND",56,2.38,9.52,0.8,0.79,0.0,381.0,0.794
1447,6415,"CAMPBELL'S CHUNKY SOUPS,HEARTY BF BARLEY SOUP",56,2.89,8.98,1.0,1.17,10.0,308.0,0.758
1608,6988,"CAMPBELL'S HEALTHY REQUEST,CRM OF MUSHROOM SOUP,COND",55,1.29,8.6,1.0,1.79,71.0,327.0,0.66
1543,6619,"SMART SOUP,SANTA FE CORN CHOWDER",55,2.0,11.2,2.0,3.6,23.0,131.0,
1409,6359,"SOUP,TOMATO,CND,PREP W/ EQ VOLUME LOFAT (2%) MILK",55,2.42,9.82,0.5,6.59,68.0,206.0,1.063
1359,6248,"SOUP,OYSTER STEW,CND,PREP W/ EQ VOLUME MILK",55,2.51,3.99,0.0,,68.0,425.0,2.91
1333,6219,"CAMPBELL'S,98% FAT FREE CRM OF CHICK SOUP,COND",55,1.8,7.46,0.4,0.5,11.0,575.0,1.13
1494,6487,"CAMPBELL'S LO NA SOUPS,CRM OF MUSHROOM SOUP",54,1.01,6.38,0.0,2.01,13.0,20.0,1.342
1513,6549,"SOUP,CHICK MUSHROOM,CND,PREP W/ EQ VOLUME H2O",54,1.8,3.8,0.1,,12.0,327.0,2.63
1233,6039,"SOUP,MINESTRONE,CND,CHUNKY,RTS",53,2.13,8.64,2.4,2.17,25.0,288.0,1.0
1431,6396,"CAMPBELL'S CHUNKY SOUPS,FAJITA CHICK W/ RICE & BNS SOUP",53,2.86,9.39,0.8,2.86,8.0,347.0,
1221,6022,"SOUP,CHICK RICE,CND,CHUNKY,RTS",53,5.11,5.41,0.4,0.6,14.0,370.0,1.0
7779,27034,"CAMPBELL'S,98% FAT FREE CRM OF MUSHROOM SOUP,COND",53,1.1,7.63,1.2,0.25,8.0,392.0,0.75
7768,27018,"CAMPBELL'S HOMESTYLE MICROWAVEABLE BOWLS,HEALTHY REQUEST MEX",53,2.86,7.76,1.2,1.22,16.0,167.0,0.408
1591,6968,"SOUP,CRM OF MUSHROOM,LO NA,RTS,CND",53,1.0,4.53,0.2,1.72,19.0,20.0,1.7089999999999999
1425,6388,"CAMPBELL'S CHUNKY SOUPS,BF W/ COUNTRY VEG SOUP",53,3.27,7.35,1.2,1.63,8.0,376.0,
7763,27009,"CAMPBELL'S CHUNKY SOUPS,HEALTHY REQUES",53,2.04,8.16,0.8,0.82,41.0,167.0,0.816
1570,6739,"SOUP,VEG BF,CND,COND,SINGLE BRAND",53,3.8,7.7,,,,555.0,0.40700000000000003
1544,6620,"SMART SOUP,FRENCH LENTIL",53,2.9,9.5,2.9,2.6,23.0,131.0,
1507,6543,CAMPBELL'S HOMESTYLE MEXICAN STYLE CHICK TORTILLA SOUP,53,2.86,8.16,1.2,1.63,8.0,347.0,
1505,6537,CAMPBELL'S HOMESTYLE HR MEXICAN STYLE CHICK TORTILLA,53,2.86,7.76,1.2,1.22,16.0,167.0,0.408
1492,6482,"CAMPBELL'S LO NA SOUPS,CHICK W/ NOODLES SOUP",52,3.93,5.57,0.7,1.31,7.0,46.0,1.1480000000000001
1312,6182,"SOUP,CRM OF MUSHROOM,CND,COND,RED NA",52,1.21,8.1,0.6,2.13,13.0,383.0,0.97
1455,6429,"CAMPBELL'S CHUNKY SOUPS,MANHATTAN CLAM CHOWDER",52,2.04,7.76,1.2,1.63,16.0,339.0,
7801,27062,"SOUP,BF BARLEY,READY TO SERVE",52,2.81,7.94,0.9,1.22,11.0,297.0,0.6779999999999999
1437,6403,"CAMPBELL'S CHUNKY SOUPS,GRILLED SIRLOIN STEAK HEARTY VEG SP",51,3.27,7.76,1.6,1.63,8.0,363.0,
1411,6363,"CAMPBELL'S,HOMESTYLE CHICK NOODLE SOUP,COND",51,2.36,7.53,0.8,1.11,11.0,739.0,0.9000000000000001
1374,6316,"SOUP,HEALTHY CHOIC GARDEN VEG SOUP,CND",51,2.13,10.04,1.9,2.13,16.0,195.0,0.12000000000000001
1547,6623,"SMART SOUP,MOROCCAN CHICK PEA",51,2.0,9.7,3.1,4.2,23.0,148.0,
1609,6989,"CAMPBELL'S HEALTHY REQUEST,HOMESTYLE CHICK NOODLE SOUP,COND",51,2.7,7.8,0.6,0.6,13.0,317.0,0.7
1514,6558,"SOUP,TOMATO BISQUE,CND,PREP W/ EQ VOLUME H2O",50,0.92,9.6,0.2,,16.0,424.0,0.5
1308,6177,"SOUP,MINESTRONE,CND,RED NA,RTS",50,2.0,9.0,2.4,2.13,20.0,215.0,0.42000000000000004
359,3070,"BABYFOOD,DINNER,CHICK SOUP,STR",50,1.6,7.2,1.1,1.72,37.0,16.0,0.7030000000000001
1320,6195,"CAMPBELL'S,HEALTHY REQUEST,CRM OF CHICK SOUP,COND",50,3.0,7.5,0.4,0.8,8.0,347.0,0.8
1567,6734,"SOUP,CHICK W/STAR-SHAPED PASTA,CND,COND,SINGLE BRAND",50,2.3,7.1,,,,732.0,0.8880000000000001
7799,27060,"SOUP,CHUNKY VEG,RED NA,CND,RTS",50,1.16,10.28,1.1,2.78,25.0,138.0,0.328
7761,27007,"CAMPBELL'S CHNKY,HEALTHY REQUST MICROWAVBL ,CHICK NODLE SOUP",49,2.86,6.94,0.4,0.41,8.0,167.0,0.816
1326,6212,"CAMPBELL'S,25% LESS NA CHICK NOODLE SOUP,COND",49,2.9,6.3,0.8,0.6,12.0,446.0,1.0
1441,6408,"CAMPBELL'S CHUNKY SOUPS,HEALTHY REQUEST VEG SOUP",49,1.63,9.8,1.6,3.27,24.0,167.0,
1480,6462,"CAMPBELL'S CHUNKY SOUPS,STEAK 'N' POTATO SOUP",49,3.27,7.35,1.2,0.41,0.0,376.0,
1460,6434,"CAMPBELL'S CHUNKY SOUPS,OLD FASHIONED VEG BF SOUP",49,3.16,6.24,1.3,1.15,17.0,346.0,
1465,6441,"CAMPBELL'S CHUNKY SOUPS,SAVORY POT RST SOUP",49,2.86,8.16,0.8,1.63,8.0,322.0,
1506,6541,CAMPBELL'S HOMESTYLE ITALIAN-STYLE WEDDING SOUP,49,2.86,6.12,0.8,1.22,16.0,322.0,
1504,6529,CAMPBELL'S HOMESTYLE LT NEW ENGLAND CLAM CHOWDER,49,2.45,6.12,0.8,0.41,8.0,322.0,
1250,6058,"CAMPBELL'S RED & WHITE,CHICK GUMBO SOUP,COND",48,1.59,7.94,0.8,1.59,16.0,690.0,0.397
1220,6019,"SOUP,CHICK NOODLE,CND,COND",48,2.37,6.07,0.9,0.0,6.0,681.0,0.925
1242,6048,"SOUP,OYSTER STEW,CND,COND",48,1.72,3.32,0.0,,18.0,722.0,2.7800000000000002
1477,6457,"CAMPBELL'S CHUNKY SOUPS,SLOW RSTD BF W/ MUSHROOMS SOUP",48,3.27,7.35,1.2,2.04,8.0,339.0,
1448,6416,"SOUP,CRM OF CHICK,CND,PREP W/ EQ VOLUME H2O",48,1.41,3.8,0.1,,14.0,347.0,2.19
1574,6749,"SOUP,BF & VEG,CND,RTS",48,3.18,6.16,1.2,1.25,18.0,326.0,0.703
1412,6364,"CAMPBELL'S RED & WHITE,MANHATTAN CLAM CHOWDER,COND",48,1.59,9.52,1.6,1.59,16.0,698.0,0.397
1481,6463,"SOUP,TOMATO RICE,CND,PREP W/ EQ VOLUME H2O",47,0.82,8.54,0.7,2.95,11.0,319.0,0.435
1606,6986,"CAMPBELL'S HEALTHY REQUEST,CHICK NOODLE SOUP,COND",47,2.4,6.51,1.0,0.89,12.0,334.0,1.0
1430,6395,"CAMPBELL'S CHUNKY,CLASSIC CHICK NOODLE SOUP",47,3.41,5.41,1.0,0.41,11.0,325.0,
1573,6748,"SOUP,PROGRESSO,BF BARLEY,TRADITIONAL,READY TO SERVE",47,2.71,6.69,0.9,1.27,12.0,284.0,0.64
1252,6062,"CAMPBELL'S,RED & WHITE,CHICK NOODLE SOUP,COND",47,2.37,5.97,,0.0,6.0,683.0,0.922
1436,6402,"SOUP,BLACK BEAN,CND,PREP W/ EQ VOLUME H2O",46,2.42,7.71,3.4,1.24,19.0,487.0,0.41000000000000003
1239,6045,"SOUP,ONION,CND,COND",46,3.06,6.68,0.7,2.72,22.0,516.0,0.82
1228,6029,"CAMPBELL'S,HEALTHY REQUEST,CHICK W/ RICE,COND",46,1.59,7.19,0.8,0.79,0.0,325.0,0.794
1311,6180,"SOUP,SHARK FIN,REST-PREP",46,3.2,3.8,0.0,,10.0,501.0,1.084
1463,6439,"CAMPBELL'S CHUNKY SOUPS,SAVORY CHICK WHITE WILD RICE SOUP",45,2.86,7.35,0.8,0.41,8.0,331.0,
7769,27019,CAMPBELL'S HOMESTYLE HARVEST TOMATO W/ BASIL SOUP,45,0.82,9.39,0.8,6.53,8.0,322.0,
1356,6244,"CAMPBELL'S, CHNKY MICRO BOWLS,CLSSC CHIC NOODL,RTS",45,2.45,5.71,0.8,1.22,8.0,322.0,
1450,6418,"CAMPBELL'S CHUNKY SOUPS,HEARTY CHICK W/ VEG SOUP",45,2.45,6.94,1.2,1.22,8.0,290.0,
1218,6017,"SOUP,CHICK GUMBO,CND,COND",45,2.1,6.67,1.6,1.93,19.0,693.0,0.78
1502,6509,CAMPBELL'S HOMESTYLE BUTTERNUT SQUASH BISQUE,45,0.41,7.76,0.4,4.9,8.0,265.0,
1500,6504,"CAMPBELL'S RED & WHITE - MICROWAVEABLE BOWLS,TOMATO SOUP",44,1.22,9.8,1.2,7.35,8.0,322.0,
1572,6742,"SOUP,VEG BF,MICROWAVABLE,RTS,SINGLE BRAND",44,6.2,3.3,1.5,,,376.0,0.444
1470,6447,"CAMPBELL'S CHUNKY SOUPS,SAVORY VEG SOUP",44,1.22,8.98,1.6,2.45,16.0,314.0,
1469,6446,"SOUP,CRM OF ONION,CND,PREP W/ EQ VOLUME H2O",44,1.13,5.2,0.4,,14.0,380.0,1.46
1549,6625,"SMART SOUP,VIETNAMESE CARROT LEMONGRASS",44,1.3,8.2,1.5,4.4,23.0,145.0,
1424,6387,"CAMPBELL'S CHUNKY SOUPS,BF RIB RST POTATOES HERBS SOUP",44,2.86,6.94,0.8,2.45,8.0,363.0,
7784,27045,"SOUP,BF & VEG,RED NA,CND,RTS",42,3.26,4.99,0.8,1.22,17.0,175.0,
7783,27044,"SOUP,CHICK NOODLE,RED NA,CND,RTS",41,3.29,3.84,0.8,0.34,11.0,186.0,0.988
1362,6251,"CAMPBELL'S,CHUNKY MICRO BOWLS,OLD FASH VEG BF,RTS",41,2.86,5.71,1.2,1.63,16.0,359.0,
1508,6544,CAMPBELL'S HOMESTYLE MINESTRONE SOUP,41,1.63,7.35,1.6,2.45,16.0,322.0,
1512,6548,CAMPBELL'S HOMESTYLE CHICK W/ WHITE & WILD RICE SOUP,41,2.45,6.94,0.4,1.22,8.0,322.0,
7767,27017,"CAMPBELL'S HOMESTYLE MICROWAVEABLE BOWLS,HEALTHY REQUEST ITA",41,2.45,5.31,0.8,1.63,16.0,167.0,0.612
8304,35024,"STEW/SOUP,CARIBOU (ALASKA NATIVE)",41,3.8,4.8,0.1,,7.0,72.0,
1372,6314,"SOUP,HEALTHY CHOIC CHICK NOODLE SOUP,CND",41,3.69,5.2,0.8,0.57,8.0,195.0,0.4
1434,6400,"CAMPBELL'S CHUNKY SOUPS,GRILLED CHICK VEG & PASTA SOUP",41,2.45,5.71,0.8,0.82,8.0,359.0,
1219,6018,"SOUP,CHUNKY CHICK NOODLE,CND,RTS",41,3.09,4.46,0.8,0.38,11.0,306.0,0.925
1439,6405,"CAMPBELL'S CHUNKY,HEALTHY REQUEST CHICK NOODLE SOUP",41,2.97,5.88,0.8,1.12,12.0,161.0,0.5800000000000001
3435,11819,"PEPPERS,HOT CHILI,RED,RAW",40,1.87,8.81,1.5,5.3,14.0,9.0,0.066
3307,11670,"PEPPERS,HOT CHILI,GRN,RAW",40,2.0,9.46,1.5,5.1,18.0,7.0,0.032
7770,27021,CAMPBELL'S HOMESTYLE HR CHICK W/ WHL GRAIN PASTA SOUP,40,3.8,4.28,0.7,0.32,11.0,167.0,0.612
1545,6621,"SMART SOUP,GREEK MINESTRONE",40,1.7,8.4,2.7,2.7,21.0,138.0,
1571,6740,"SOUP,CHICK VEG,CHUNKY,RED FAT,RED NA,RTS,SINGLE BRAND",40,2.7,6.3,,,,192.0,0.28900000000000003
1370,6311,"CAMPBELL'S RED&WHITE,CHICK WON TON SOUP,COND",40,2.38,6.35,0.0,0.79,0.0,690.0,0.794
1206,6003,"CAMPBELL'S RED & WHITE,BEEFY MUSHROOM SOUP,COND",40,2.38,4.76,0.0,0.79,0.0,706.0,0.794
1255,6067,"SOUP,CHUNKY VEG,CND,RTS",39,1.14,7.9,1.1,1.56,18.0,267.0,0.197
1467,6443,"SOUP,CRM OF MUSHROOM,CND,PREP W/ EQ VOLUME H2O",39,0.66,3.33,0.3,0.2,7.0,340.0,1.069
7759,27001,"SOUP,HOT & SOUR,CHINESE RESTAURANT",39,2.58,4.35,0.5,0.42,19.0,376.0,0.517
1443,6410,"SOUP,CRM OF CELERY,CND,PREP W/ EQ VOLUME H2O",37,0.68,3.62,0.3,,16.0,254.0,1.1099999999999999
1516,6580,CAMPBELL'S HOMESTYLE VEG MEDLEY SOUP,37,1.22,7.35,1.2,3.27,16.0,322.0,
1373,6315,"SOUP,HEALTHY CHOIC CHICK & RICE SOUP,CND",37,2.53,5.71,0.8,0.37,15.0,181.0,0.4
1405,6354,"CAMPBELL'S RED & WHITE,FRENCH ONION SOUP,COND",36,1.59,4.76,0.8,3.17,16.0,516.0,0.794
1548,6624,"SMART SOUP,THAI COCNT CURRY",36,0.8,6.5,1.0,3.7,19.0,141.0,
1476,6456,"SOUP,CRM OF SHRIMP,CND,PREP W/ EQ VOLUME H2O",36,1.11,3.27,0.1,0.24,9.0,391.0,1.885
1456,6430,"SOUP,CLAM CHOWDER,NEW ENGLAND,CND,PREP W/ EQ VOLUME H2O",35,1.55,5.05,0.3,0.19,9.0,254.0,0.468
1435,6401,"SOUP,CRM OF ASPARAGUS,CND,PREP W/ EQ VOLUME H2O",35,0.94,4.38,0.2,,12.0,402.0,0.8200000000000001
1464,6440,"SOUP,MINESTRONE,CND,PREP W/ EQ VOLUME H2O",34,1.77,4.66,0.4,,14.0,254.0,0.52
1501,6505,"CAMPBELL'S RED & WHITE - MICROWAVEABLE BOWLS,VEG BF SOUP",34,2.04,6.12,1.2,0.82,0.0,359.0,
1442,6409,"SOUP,BF NOODLE,CND,PREP W/ EQ VOLUME H2O",34,1.93,3.58,0.3,1.03,8.0,325.0,0.95
1223,6024,"SOUP,CHICK & VEG,CND,RTS",33,1.97,4.68,0.9,1.01,14.0,229.0,0.279
1590,6967,"SOUP,VEG SOUP,COND,LO NA,PREP W/ EQ VOLUME H2O",33,1.1,6.06,1.1,2.15,12.0,194.0,0.176
1541,6617,CAMPBELL'S HOMESTYLE LT ITALIAN-STYLE WEDDING SOUP,33,2.45,4.49,0.4,0.82,16.0,322.0,
7760,27002,"SOUP,WONTON,CHINESE RESTAURANT",32,2.08,5.25,0.2,0.34,5.0,406.0,0.139
1515,6559,"SOUP,TOMATO,CND,PREP W/EQ VOLUME H2O,COMM",32,0.71,7.45,0.5,4.03,8.0,186.0,0.123
1486,6471,"SOUP,VEG BF,CND,PREP W/ EQ VOLUME H2O",31,2.23,4.06,0.8,0.45,8.0,349.0,0.66
1454,6428,"SOUP,CLAM CHOWDER,MANHATTAN,CND,PREP W/EQ VOLUME H2O",30,0.85,4.77,0.6,1.32,11.0,226.0,0.298
1511,6547,"SOUP,BF MUSHROOM,CND,PREP W/ EQ VOLUME H2O",30,2.37,2.6,0.1,,2.0,386.0,1.12
1587,6964,"SOUP,TOMATO,LO NA,W/H2O",30,0.79,6.57,0.6,3.97,8.0,33.0,0.16399999999999998
1498,6502,"CAMPBELL'S RED & WHITE - MICROWAVEABLE BOWLS,CHICK RICE SOUP",30,0.82,5.71,0.4,0.41,8.0,327.0,
1496,6497,"CAMPBELL'S RED & WHITE - MCRWVEABLE BOWLS,CHICK NOODLE SOUP",30,1.63,4.08,0.4,0.0,0.0,355.0,
1466,6442,"SOUP,MUSHROOM BARLEY,CND,PREP W/ EQ VOLUME H2O",30,0.77,4.8,0.3,,5.0,365.0,0.59
1483,6466,"SOUP,TURKEY VEG,CND,PREP W/ EQ VOLUME H2O",30,1.28,3.58,0.2,,7.0,376.0,0.92
1474,6453,"SOUP,CRM OF POTATO,CND,PREP W/ EQ VOLUME H2O",30,0.72,4.7,0.2,,8.0,238.0,0.73
1484,6468,"SOUP,VEGETARIAN VEG,CND,PREP W/ EQ VOLUME H2O",28,0.86,4.89,0.3,1.57,10.0,338.0,0.46
1482,6465,"SOUP,TURKEY NOODLE,CND,PREP W/ EQ VOLUME H2O",28,1.6,3.54,0.3,,5.0,334.0,0.56
8211,31015,"PACE,DICED GRN CHILIES",27,0.0,6.67,3.3,3.33,,333.0,
7758,27000,"SOUP,EGG DROP,CHINESE RESTAURANT",27,1.16,4.29,0.4,0.09,7.0,370.0,0.357
1589,6966,"SOUP,CHICK NOODLE,LO NA,CND,PREP W/ EQ VOLUME H2O",25,1.27,2.95,0.2,0.27,6.0,173.0,0.6799999999999999
1451,6419,"SOUP,CHICK NOODLE,CND,PREP W/ EQ VOLUME H2O",24,1.16,2.97,0.5,0.0,5.0,335.0,0.453
1452,6423,"SOUP,CHICK W/ RICE,CND,PREP W/ EQ VOLUME H2O",24,1.45,2.92,0.3,0.08,9.0,238.0,0.5549999999999999
1471,6448,"SOUP,OYSTER STEW,CND,PREP W/ EQ VOLUME H2O",24,0.87,1.69,,,9.0,407.0,1.42
1449,6417,"SOUP,CHICK GUMBO,CND,PREP W/ EQ VOLUME H2O",23,1.08,3.43,0.8,1.02,10.0,391.0,0.4
3587,11980,"PEPPERS,CHILI,GRN,CND",21,0.72,4.6,1.7,,36.0,397.0,0.045
1584,6961,"SAUCE,PEPPERS,HOT,CHILI,MATURE RED,CND",21,0.9,3.9,0.7,2.55,9.0,25.0,0.491
3067,11329,"PEPPERS,HOT CHILI,GRN,CND,PODS,EXCLUDING SEEDS,SOL&LIQUIDS",21,0.9,5.1,1.3,3.12,7.0,1173.0,0.016
3436,11820,"PEPPERS,HOT CHILI,RED,CND,EXCLUDING SEEDS,SOL&LIQUIDS",21,0.9,5.1,1.3,3.32,7.0,1173.0,0.016
1585,6962,"SAUCE,CHILI,PEPPERS,HOT,IMMAT GRN,CND",20,0.7,5.0,1.9,2.55,5.0,25.0,0.081
1268,6097,"CAMPBELLS RED & WHITE,BF CONSOMME,COND",16,3.23,0.81,0.0,0.81,0.0,653.0,0.0
3226,11537,"TOMATOES,RED,RIPE,CND,W/GRN CHILIES",15,0.69,3.62,,,20.0,401.0,0.022
